,EMC Marko,EMC HRP,Frobenius
Ninguna,12.258446026555935,3.760251756114546,1.0
Recorte,0.009486100637812207,0.009486100637812207,0.025665933691913376
TW,0.05823226576142568,0.05823226576142568,0.09866659940079968
Lineal,1.475243178129208,0.6365593189846406,0.4512600544760434
No-Lineal,0.009486100637812207,0.009486100637812207,0.026584734044753235
