,Razón de Sharpe,Sharpe HRP
Recorte,20.1499463015972,201499.463015972
Ninguno,40.39242549730024,260658.19684041798
TW,20.573956913787924,205739.56913787927
Lineal,26.46127935819291,233345.35597193925
No lineal,20.149946301597215,201499.46301597214
