,EMC Marko,EMC HRP,Frobenius
Ninguna,10366.079640342004,23.003699335009546,1.0
Recorte,0.0811715443046877,0.0811715443046877,0.029073106544250948
TW,0.0949299718134203,0.19174903264578375,0.11891445654666133
Lineal,0.938992270144039,0.4767150254850512,0.18001908601685104
No-Lineal,0.09137477853741233,0.0940967550805114,0.029497069673594983
