,Razón de Sharpe,Sharpe HRP
Recorte,20.055846937613264,200558.46937613262
Ninguno,22.279843133438774,209739.22039154958
TW,20.363362544152558,198899.45463586872
Lineal,22.27984313343878,209454.0697094868
No lineal,20.04786275363134,200461.38736069648
