,EMC Marko,EMC HRP,Frobenius
Ninguna,0.0,0.0,1.0
Recorte,0.0,0.0,0.02883666962516962
TW,0.0,0.0,0.07740689163018297
Lineal,0.0,0.0,1.0
No-Lineal,0.0,0.0,0.029702061559726916
