,EMC Marko,EMC HRP,Frobenius
Ninguna,0.601736535114036,0.18510504304828662,1.0
Recorte,0.0,0.0,0.021373087395204757
TW,0.0,0.0011958801215680723,0.05441848894947929
Lineal,0.601736535114036,0.18161255440508436,0.9999999999999998
No-Lineal,0.0,0.0,0.022172866109109943
