,Razón de Sharpe,Sharpe HRP
Recorte,20.97641870406977,209764.18704069773
Ninguno,68183132780744.03,267467.1320269146
TW,22.470632448514493,183325.00117351912
Lineal,23.961415582113325,221636.56005963904
No lineal,21.05316205133823,210217.64259368714
