,Razón de Sharpe,Sharpe HRP
Recorte,20.014480155776884,200144.80155776886
Ninguno,20.179113543351875,200761.07832437792
TW,20.11421015246656,200639.38259368282
Lineal,20.179113543351882,200756.96728198705
No lineal,20.023398590591754,200223.46132843828
