,Razón de Sharpe,Sharpe HRP
Recorte,76351.31363295575,746544186.042754
Ninguno,79382.3026157564,655996689.5620856
TW,90000.93932468198,820127877.5826609
Lineal,68592.3142158009,662194204.4669822
No lineal,67919.04474966609,626416964.512452
