,EMC Marko,EMC HRP,Frobenius
Ninguna,8.808530094183094,0.24221244449243343,1.0
Recorte,0.4548570638169913,0.1260830337559287,1.0349442477286233
TW,4.931158877984149,5.993278732085917,1.032547768925839
Lineal,0.22975785682768937,0.07524529862495254,0.10517352185642233
No-Lineal,5.382524303174576,0.5640364360303088,0.9815974350072624
