,Razón de Sharpe,Sharpe HRP
Recorte,21448.557938160426,164539492.7059209
Ninguno,17674.573684268435,125431780.8705104
TW,28029.81488868105,234546882.38584036
Lineal,16305.843839650433,162580994.90102977
No lineal,17380.780729018206,124577041.66088195
