,EMC Marko,EMC HRP,Frobenius
Ninguna,159.50247956977023,136.12255395687774,1.0
Recorte,142.05584655335787,140.73962863678867,1.0119545284428206
TW,42.82885545047052,45.80072542082511,0.012819456290035312
Lineal,91.23238337672039,89.3681568806165,0.09096015078533125
No-Lineal,90.47061641972056,84.72691961511573,0.08843468918678173
