,Razón de Sharpe,Sharpe HRP
Recorte,71097.59285782056,696568535.1945585
Ninguno,0.0,758777978.1102782
TW,89964.12933386207,792249983.6268052
Lineal,64588.50500687928,608606059.8269348
No lineal,64965.415274755396,590218361.0974256
