,Razón de Sharpe,Sharpe HRP
Recorte,22178.687763406637,127111266.49039231
Ninguno,19183.163864705144,99741707.07079254
TW,27511.55952362524,168566183.73592958
Lineal,12622.698069832306,125303005.76736285
No lineal,17895.923581956038,97110607.677604
