,EMC Marko,EMC HRP,Frobenius
Ninguna,3.0663154386386524,0.23434868414684598,1.0
Recorte,5.027424529210421,1.5716360265782574,1.0696118194933297
TW,3.0843015671133402,0.6259649303492887,1.0676067976281791
Lineal,0.06914700602982879,0.07452431760969763,0.10132885727626831
No-Lineal,2.7363807867006136,0.15941221965912641,0.9874534840178743
