,EMC Marko,EMC HRP,Frobenius
Ninguna,49.985105110205275,12.410746116999123,1.0
Recorte,1.142300475298619,1.1503071885848,0.726760478185134
TW,1.440192660936138,0.7051552377247495,0.7537742508286794
Lineal,1.1389375082656523,0.5729439605505486,0.5471517902686185
No-Lineal,2.5719448403695484,0.6945192558100531,0.6255518150392148
