,Razón de Sharpe,Sharpe HRP
Recorte,25.559557127992615,255595.5712799261
Ninguno,41.574118275858474,248582.4670792133
TW,26.43877566462776,235771.30766532043
Lineal,28.188624982530715,244482.46333430786
No lineal,25.437378779244497,254257.97845423693
