,Razón de Sharpe,Sharpe HRP
Recorte,24.932942557363422,249329.42557363407
Ninguno,25.023868164457326,248659.4026174202
TW,25.02720393519238,249687.44581252377
Lineal,25.023868164457326,248917.43370983575
No lineal,24.93748004628443,249370.9498594098
