,EMC Marko,EMC HRP,Frobenius
Ninguna,0.002037925033810926,0.0,1.0
Recorte,0.0,0.0,0.015240062588813719
TW,0.0,0.0,0.05701597813211932
Lineal,0.002037925033810926,0.0,1.0000000000000009
No-Lineal,0.0,0.0,0.01618336992784081
