,Razón de Sharpe,Sharpe HRP
Recorte,25.808797510898085,258087.97510898067
Ninguno,7372820897052318.0,374856.25183569
TW,27.184857571454625,224018.32951966472
Lineal,29.012892403279498,264533.3611276439
No lineal,25.690892423500074,256384.11884407923
