,Razón de Sharpe,Sharpe HRP
Recorte,25.072259698060115,250722.5969806011
Ninguno,26.957907157806954,251833.51176681113
TW,25.241022813961496,252410.2281396148
Lineal,26.957907157806968,250153.48015836935
No lineal,25.072259698060115,250722.59698060114
