,EMC Marko,EMC HRP,Frobenius
Ninguna,10375.472930310965,20.155969765980377,1.0
Recorte,0.01245900341802268,0.01245900341802268,0.01906113378433101
TW,0.0399974329717569,0.08791432957450801,0.060530756300544414
Lineal,0.8702213542663909,0.4308269816372639,0.16794906250573483
No-Lineal,0.015108624080287679,0.014105880451610183,0.02005419212383902
