,EMC Marko,EMC HRP,Frobenius
Ninguna,0.5078791910158713,0.11147008320055035,1.0
Recorte,0.0,0.0,0.018847312562121032
TW,0.0010696597832626504,0.0010696597832626504,0.04525199724776685
Lineal,0.5078791910158713,0.1280695072608928,1.0
No-Lineal,0.0,0.0,0.01884731256212104
