,EMC Marko,EMC HRP,Frobenius
Ninguna,16.678659991962096,3.1829428531445814,1.0
Recorte,0.029320528678325845,0.029320528678325845,0.020851398766721985
TW,0.01245900341802268,0.01794428610075697,0.12028320569438912
Lineal,1.1940116760812904,0.3396693532451361,0.4202079585998292
No-Lineal,0.02429307239054461,0.023024936066133813,0.021916834411568477
