,EMC Marko,EMC HRP,Frobenius
Ninguna,22.77366536515282,5.936578074571551,1.0
Recorte,0.0032352046397763562,0.0032352046397763562,0.036122511347529536
TW,0.040571084646144916,0.040571084646144916,0.13550349234784376
Lineal,2.4494874841275838,0.7590942927507528,0.46551554113124566
No-Lineal,0.0032352046397763562,0.0032352046397763562,0.03612251134752954
