,Razón de Sharpe,Sharpe HRP
Recorte,12.685027095128829,126850.27095128827
Ninguno,30.949216662699296,165703.2164906349
TW,13.10693905391116,131069.39053911161
Lineal,17.252493962501944,150593.89547201738
No lineal,12.685027095128941,126850.2709512894
