,EMC Marko,EMC HRP,Frobenius
Ninguna,0.03235126561282846,0.024318543316683684,1.0
Recorte,0.0,0.0,0.04311316843265968
TW,0.0,0.0,0.0718451453191259
Lineal,0.03235126561282846,0.02567502844432495,0.9999999999999994
No-Lineal,0.0,0.0,0.04912227293612524
