,EMC Marko,EMC HRP,Frobenius
Ninguna,0.4756412717839805,0.1664522313986691,1.0
Recorte,0.0,0.0,0.0419857249974308
TW,0.0,0.0,0.07843667729342434
Lineal,0.4756412717839805,0.17516749446404029,0.9999999999999998
No-Lineal,0.0,0.0,0.04225228493307455
