,Razón de Sharpe,Sharpe HRP
Recorte,12.575014259419925,125750.14259419925
Ninguno,13.984398021488897,127139.22224337886
TW,12.756021738810965,127560.21738810967
Lineal,13.984398021488904,131527.8541650685
No lineal,12.56712229596054,125656.05366254703
