,EMC Marko,EMC HRP,Frobenius
Ninguna,49.985105110205275,19.09303614984224,1.0
Recorte,0.028839802947882867,0.028839802947882867,0.04646822519984319
TW,0.025164935749421274,0.016924890818347246,0.21984538833007586
Lineal,0.452800033569512,0.09804013040456258,0.20768076864089768
No-Lineal,0.028839802947882867,0.028839802947882867,0.046468225199843
