,Razón de Sharpe,Sharpe HRP
Recorte,12.464173664951039,124641.7366495104
Ninguno,12.6763985683767,126351.88031546342
TW,12.510339869121731,125103.39869121733
Lineal,12.6763985683767,126117.02077746396
No lineal,12.46417366495105,124641.73664951048
