,Razón de Sharpe,Sharpe HRP
Recorte,12.774283768999274,127742.83768999274
Ninguno,0.0,174862.93480950958
TW,14.301244328167499,114956.90301934595
Lineal,14.889400555887885,136878.3762387814
No lineal,12.774283768999272,127742.83768999277
