,Razón de Sharpe,Sharpe HRP
Recorte,37.53206455283792,374387.7848403541
Ninguno,37.815155158264986,375636.0202206413
TW,37.58199205648865,374872.44830125483
Lineal,37.81515515826498,375596.9220946276
No lineal,37.47835329423389,374783.5329423389
