,Razón de Sharpe,Sharpe HRP
Recorte,38.03272311756746,338472.576198816
Ninguno,80.84639574753521,483488.3010939819
TW,38.99328921350525,345642.87643568293
Lineal,47.408008972050936,409623.5878037258
No lineal,37.658196716616814,375207.85224138346
