,Razón de Sharpe,Sharpe HRP
Recorte,38.51320890980582,385132.0890980581
Ninguno,3598734907389165.5,598924.0466414557
TW,40.02002219026088,328974.4805407026
Lineal,44.971671084770364,400440.60083601146
No lineal,38.5132089098505,385132.08909850486
