,EMC Marko,EMC HRP,Frobenius
Ninguna,10358.863759947377,19.91856737460713,1.0
Recorte,0.015801139758018997,0.015801139758018997,0.012453905108123086
TW,0.03886927771892879,0.05089601949221947,0.06966209881279134
Lineal,0.5850763628849167,0.23619894758125695,0.17011481687016572
No-Lineal,0.015108624080287679,0.015108624080287679,0.012727216580797732
