,EMC Marko,EMC HRP,Frobenius
Ninguna,22.843291219217434,5.73248538934507,1.0
Recorte,0.004120298579480658,0.004120298579480658,0.03694412683407128
TW,0.01794428610075697,0.02847574269647433,0.08524006720837775
Lineal,2.3973427726633467,1.0136555733673147,0.4249862169189375
No-Lineal,0.0,0.0,0.012464305966593049
