,EMC Marko,EMC HRP,Frobenius
Ninguna,0.0028201405203634082,0.0,1.0
Recorte,0.0,0.0,0.028843339219348497
TW,0.0,0.0,0.04259640197240341
Lineal,0.0028201405203634082,0.0,1.0000000000000002
No-Lineal,0.0,0.0,0.012969473915558903
