,EMC Marko,EMC HRP,Frobenius
Ninguna,0.9916596408515846,0.27697028200544094,1.0
Recorte,0.0,0.0,0.01118678860756996
TW,0.00041866609157019315,0.0,0.04392589759922989
Lineal,0.9916596408515846,0.2897090751207978,1.0000000000000007
No-Lineal,0.0,0.0,0.011323718211513074
