,Razón de Sharpe,Sharpe HRP
Recorte,37.73674345327203,377367.43453272013
Ninguno,44.528517254855714,414562.78073587804
TW,38.050036980641934,372089.9641560651
Lineal,44.528517254855714,417090.1963574848
No lineal,37.736743453272084,377367.4345327208
