,EMC Marko,EMC HRP,Frobenius
Ninguna,10372.123654798943,17.466644893627084,1.0
Recorte,0.014095027285960886,0.014095027285960886,0.017179189721389616
TW,0.002037925033810926,0.002037925033810926,0.04864034654810593
Lineal,0.09137477853741233,0.03319878458786175,0.17945197760276865
No-Lineal,0.014095027285960886,0.014095027285960886,0.017179189721389657
