,Razón de Sharpe,Sharpe HRP
Recorte,30.240675558555374,302406.7555855538
Ninguno,4152153512762786.5,320231.9064244916
TW,30.943588141167442,309435.88141167443
Lineal,29.31778518084433,269518.9461555178
No lineal,30.240675558555107,302406.7555855511
