,EMC Marko,EMC HRP,Frobenius
Ninguna,20.826344313556447,3.6906489843489227,1.0
Recorte,0.0,0.0,0.018673459273418902
TW,0.006746554038451122,0.00825322333894046,0.04276556194437567
Lineal,1.870487088891413,0.624468566805046,0.46048068963810684
No-Lineal,0.0,0.0,0.01989920761913005
