,Razón de Sharpe,Sharpe HRP
Recorte,30.147079914791576,301470.7991479156
Ninguno,34.712909524243216,325204.10491767037
TW,30.490988629095003,298372.3034700638
Lineal,34.71290952424325,325680.27528883563
No lineal,30.14707991479161,301470.79914791626
