,EMC Marko,EMC HRP,Frobenius
Ninguna,0.011508969461905145,0.007804211557085237,1.0
Recorte,0.0,0.0,0.01376811195417895
TW,0.0,0.0,0.04619410886564923
Lineal,0.011508969461905145,0.0078093102977672925,1.0000000000000002
No-Lineal,0.0,0.0,0.01592297322109625
