,Razón de Sharpe,Sharpe HRP
Recorte,29.97032168702471,299703.21687024704
Ninguno,66.1054443237442,393437.50568355736
TW,30.702316484211572,277775.5463275098
Lineal,39.09239874974637,342147.51291966176
No lineal,29.97032168702573,299703.2168702573
