,Razón de Sharpe,Sharpe HRP
Recorte,30.007641097979434,300076.4109797943
Ninguno,30.545123779042477,303622.30819080496
TW,30.131821524531077,300713.4182088925
Lineal,30.54512377904248,303732.3745244393
No lineal,30.007641097979455,300076.4109797947
