,EMC Marko,EMC HRP,Frobenius
Ninguna,0.29268864331397193,0.06017006929918727,1.0
Recorte,0.0,0.0,0.0177123404659051
TW,0.0,0.0,0.058797020825900555
Lineal,0.29268864331397193,0.0586454104089576,0.9999999999999998
No-Lineal,0.0,0.0,0.017712340465905117
